sample_id,true_label,prediction
0,0.1613113433122635,-0.0003559216856956482
1,0.1613113433122635,-0.0024038366973400116
2,0.1613113433122635,-0.004520963877439499
3,0.1613113433122635,-0.006875880062580109
4,0.1613113433122635,-0.006480630487203598
5,0.1613113433122635,-0.0019114948809146881
6,0.1613113433122635,0.0013464875519275665
7,0.1613113433122635,0.004435930401086807
8,0.1613113433122635,0.009056638926267624
9,0.1613113433122635,0.009590748697519302
10,0.1613113433122635,0.010866876691579819
11,0.1613113433122635,0.009349286556243896
12,0.1613113433122635,0.007915250957012177
13,0.1613113433122635,0.00743648037314415
14,0.1613113433122635,0.007592950016260147
15,0.1613113433122635,0.0036377273499965668
16,0.1613113433122635,-0.004476513713598251
17,0.1613113433122635,-0.010628979653120041
18,0.1613113433122635,-0.01229558140039444
19,0.1613113433122635,-0.011142265051603317
20,0.1613113433122635,-0.009799722582101822
21,0.1613113433122635,-0.00670381635427475
22,0.1613113433122635,-0.0020594149827957153
23,0.1613113433122635,0.0028046555817127228
24,0.1613113433122635,0.008011531084775925
25,0.1613113433122635,0.008178431540727615
26,0.1613113433122635,0.004774067550897598
27,0.1613113433122635,0.0004901066422462463
28,0.1613113433122635,-0.0002495385706424713
29,0.1613113433122635,-0.002278316766023636
30,0.1613113433122635,-0.005094427615404129
31,0.1613113433122635,-0.006466928869485855
32,0.1613113433122635,-0.007048379629850388
33,0.1613113433122635,-0.006822299212217331
34,0.1613113433122635,-0.007710408419370651
35,0.1613113433122635,-0.004937466233968735
36,0.1613113433122635,-0.001263100653886795
37,0.1613113433122635,0.0009229220449924469
38,0.1613113433122635,0.00038677826523780823
39,0.1613113433122635,-0.0029731392860412598
40,0.1613113433122635,-0.0044391341507434845
41,0.1613113433122635,-0.005131129175424576
42,0.1613113433122635,-0.004335649311542511
43,0.1613113433122635,-0.0022059231996536255
44,0.1613113433122635,0.000779423862695694
45,0.1613113433122635,0.001332748681306839
46,0.1613113433122635,-0.0015713684260845184
47,0.1613113433122635,-0.007340911775827408
48,0.1613113433122635,-0.011530652642250061
49,0.1613113433122635,-0.014002934098243713
50,0.1613113433122635,-0.0152815543115139
51,0.1613113433122635,-0.015189845114946365
52,0.1613113433122635,-0.015131819993257523
53,0.1613113433122635,-0.015063915401697159
54,0.1613113433122635,-0.012675359845161438
55,0.1613113433122635,-0.010154947638511658
56,0.1613113433122635,-0.006288941949605942
57,0.1613113433122635,-0.0027409084141254425
58,0.1613113433122635,-0.002023395150899887
59,0.1613113433122635,-0.001890808343887329
60,0.1613113433122635,-0.001984667032957077
61,0.1613113433122635,-0.001018960028886795
62,0.1613113433122635,-0.0004901997745037079
63,0.1613113433122635,-0.0008778944611549377
64,0.1613113433122635,-0.00744662806391716
65,0.1613113433122635,-0.014100272208452225
66,0.1613113433122635,-0.017045307904481888
67,0.1613113433122635,-0.016496244817972183
68,0.1613113433122635,-0.015147630125284195
69,0.1613113433122635,-0.010383561253547668
70,0.1613113433122635,-0.005121536552906036
71,0.1613113433122635,-0.003059759736061096
72,0.1613113433122635,-0.003897901624441147
73,0.1613113433122635,-0.003969185054302216
74,0.1613113433122635,-0.00507039949297905
75,0.1613113433122635,-0.0032211802899837494
76,0.1613113433122635,-0.000285271555185318
77,0.1613113433122635,-0.0010576583445072174
78,0.1613113433122635,-0.0027875714004039764
79,0.1613113433122635,-0.004362728446722031
80,0.1613113433122635,-0.007586736232042313
81,0.1613113433122635,-0.010918494313955307
82,0.1613113433122635,-0.009842608124017715
83,0.1613113433122635,-0.003237057477235794
84,0.1613113433122635,0.0020713359117507935
85,0.1613113433122635,0.0028148330748081207
86,0.1613113433122635,0.001009225845336914
87,0.1613113433122635,-0.003640059381723404
88,0.1613113433122635,-0.00789080560207367
89,0.1613113433122635,-0.01114671304821968
90,0.1613113433122635,-0.009042385965585709
91,0.1613113433122635,-0.005001921206712723
92,0.1613113433122635,0.0005669817328453064
93,0.1613113433122635,0.0010324008762836456
94,0.1613113433122635,-0.0002640262246131897
95,0.1613113433122635,-0.0027595199644565582
96,0.1613113433122635,-0.001287318766117096
97,0.1613113433122635,0.00029008835554122925
98,0.1613113433122635,0.002809610217809677
99,0.1613113433122635,0.00812527909874916
100,0.1613113433122635,0.010324038565158844
101,0.1613113433122635,0.00891069695353508
102,0.1613113433122635,0.007882483303546906
103,0.1613113433122635,0.0057201869785785675
104,0.1613113433122635,0.0007864907383918762
105,0.1613113433122635,-0.0018652640283107758
106,0.1613113433122635,-0.004616443067789078
107,0.1613113433122635,-0.007600113749504089
108,0.1613113433122635,-0.012063700705766678
109,0.1613113433122635,-0.015540983527898788
110,0.1613113433122635,-0.017849426716566086
111,0.1613113433122635,-0.014378409832715988
112,0.1613113433122635,-0.011547025293111801
113,0.1613113433122635,-0.009108860045671463
114,0.1613113433122635,-0.005370300263166428
115,0.1613113433122635,-0.0009189620614051819
116,0.1613113433122635,0.0007327161729335785
117,0.1613113433122635,-0.0009713731706142426
118,0.1613113433122635,-0.003558557480573654
119,0.1613113433122635,-0.004216879606246948
120,0.1613113433122635,-0.005365971475839615
121,0.1613113433122635,-0.008913267403841019
122,0.1613113433122635,-0.010777812451124191
123,0.1613113433122635,-0.010216832160949707
124,0.1613113433122635,-0.007082905620336533
125,0.1613113433122635,-0.006125744432210922
126,0.1613113433122635,-0.0041992925107479095
127,0.1613113433122635,-0.004280470311641693
128,0.1613113433122635,-0.00402749702334404
129,0.1613113433122635,-0.006164927035570145
130,0.1613113433122635,-0.005662139505147934
131,0.1613113433122635,-0.003704577684402466
132,0.1613113433122635,-0.004397541284561157
133,0.1613113433122635,-0.005716212093830109
134,0.1613113433122635,-0.00872790813446045
135,0.1613113433122635,-0.01343502476811409
136,0.1613113433122635,-0.01750282570719719
137,0.1613113433122635,-0.018419574946165085
138,0.1613113433122635,-0.016329947859048843
139,0.1613113433122635,-0.012323964387178421
140,0.1613113433122635,-0.011313129216432571
141,0.1613113433122635,-0.011454548686742783
142,0.1613113433122635,-0.010266106575727463
143,0.1613113433122635,-0.008370015770196915
144,0.1613113433122635,-0.007415104657411575
145,0.1613113433122635,-0.009411890059709549
146,0.1613113433122635,-0.011764001101255417
147,0.1613113433122635,-0.012412495911121368
148,0.1613113433122635,-0.01108403131365776
149,0.1613113433122635,-0.012908108532428741
150,0.1613113433122635,-0.015746917575597763
151,0.1613113433122635,-0.015961941331624985
152,0.1613113433122635,-0.014863941818475723
153,0.1613113433122635,-0.0142766572535038
154,0.1613113433122635,-0.013236477971076965
155,0.1613113433122635,-0.013433564454317093
156,0.1613113433122635,-0.010348599404096603
157,0.1613113433122635,-0.006910253316164017
158,0.1613113433122635,-0.0019347406923770905
159,0.1613113433122635,0.0019465163350105286
160,0.1613113433122635,0.006998647004365921
161,0.1613113433122635,0.011283304542303085
162,0.1613113433122635,0.007320929318666458
163,0.1613113433122635,0.0011563785374164581
164,0.1613113433122635,-0.005276788026094437
165,0.1613113433122635,-0.011014740914106369
166,0.1613113433122635,-0.01372792199254036
167,0.1613113433122635,-0.015348207205533981
168,0.1613113433122635,-0.014125127345323563
169,0.1613113433122635,-0.009457934647798538
170,0.1613113433122635,-0.004642333835363388
171,0.1613113433122635,-0.0045396797358989716
172,0.1613113433122635,-0.004665758460760117
173,0.1613113433122635,-0.004569478332996368
174,0.1613113433122635,-0.005834620445966721
175,0.1613113433122635,-0.0016620457172393799
176,0.1613113433122635,0.0036797896027565002
177,0.1613113433122635,0.008351687341928482
178,0.1613113433122635,0.008939992636442184
179,0.1613113433122635,0.00347016379237175
180,0.1613113433122635,-0.0037941299378871918
181,0.1613113433122635,-0.009866897016763687
182,0.1613113433122635,-0.013383287936449051
183,0.1613113433122635,-0.014286551624536514
184,0.1613113433122635,-0.013999931514263153
185,0.1613113433122635,-0.014418218284845352
186,0.1613113433122635,-0.016005773097276688
187,0.1613113433122635,-0.016774628311395645
188,0.1613113433122635,-0.01790441945195198
189,0.1613113433122635,-0.01732761040329933
190,0.1613113433122635,-0.014321330934762955
191,0.1613113433122635,-0.010561853647232056
192,0.1613113433122635,-0.008769471198320389
193,0.1613113433122635,-0.0072291940450668335
194,0.1613113433122635,-0.006649423390626907
195,0.1613113433122635,-0.00877796858549118
196,0.1613113433122635,-0.01171329990029335
197,0.1613113433122635,-0.01426641270518303
198,0.1613113433122635,-0.015720460563898087
199,0.1613113433122635,-0.015513602644205093
200,0.1613113433122635,-0.014471549540758133
201,0.1613113433122635,-0.015594776719808578
202,0.1613113433122635,-0.017347801476716995
203,0.1613113433122635,-0.0192311592400074
204,0.1613113433122635,-0.02046145871281624
205,0.1613113433122635,-0.02045484259724617
206,0.1613113433122635,-0.015216868370771408
207,0.1613113433122635,-0.009176474064588547
208,0.1613113433122635,-0.00449829176068306
209,0.1613113433122635,-0.0035071857273578644
210,0.1613113433122635,-0.004461158066987991
211,0.1613113433122635,-0.006120290607213974
212,0.1613113433122635,-0.004930716007947922
213,0.1613113433122635,-0.0023073069751262665
214,0.1613113433122635,-0.003976408392190933
215,0.1613113433122635,-0.004938025027513504
216,0.1613113433122635,-0.001443382352590561
217,0.1613113433122635,0.001608826220035553
218,0.1613113433122635,0.0035984180867671967
219,0.1613113433122635,0.005379609763622284
220,0.1613113433122635,0.005691129714250565
221,0.1613113433122635,0.0033657364547252655
222,0.1613113433122635,-0.0023190006613731384
223,0.1613113433122635,-0.008511267602443695
224,0.1613113433122635,-0.011966217309236526
225,0.1613113433122635,-0.013277184218168259
226,0.1613113433122635,-0.013828732073307037
227,0.1613113433122635,-0.015778187662363052
228,0.1613113433122635,-0.01693170890212059
229,0.1613113433122635,-0.01080247387290001
230,0.1613113433122635,-0.005743920803070068
231,0.1613113433122635,-0.003100194036960602
232,0.1613113433122635,-0.004345860332250595
233,0.1613113433122635,-0.00661848857998848
234,0.1613113433122635,-0.009234730154275894
235,0.1613113433122635,-0.01201539859175682
236,0.1613113433122635,-0.012275997549295425
237,0.1613113433122635,-0.008586648851633072
238,0.1613113433122635,-0.006592199206352234
239,0.1613113433122635,-0.00877470150589943
240,0.1613113433122635,-0.012443866580724716
241,0.1613113433122635,-0.012817729264497757
242,0.1613113433122635,-0.010324280709028244
243,0.1613113433122635,-0.005932550877332687
244,0.1613113433122635,-0.0024809055030345917
245,0.1613113433122635,-0.0012944601476192474
246,0.1613113433122635,-0.002404298633337021
247,0.1613113433122635,-0.0028876028954982758
248,0.1613113433122635,-0.004389762878417969
249,0.1613113433122635,-0.006461050361394882
250,0.1613113433122635,-0.011096145957708359
251,0.1613113433122635,-0.012775514274835587
252,0.1613113433122635,-0.012230366468429565
253,0.1613113433122635,-0.009749334305524826
254,0.1613113433122635,-0.0060224272310733795
255,0.1613113433122635,-0.004169013351202011
256,0.1613113433122635,-0.0065568722784519196
257,0.1613113433122635,-0.012300074100494385
258,0.1613113433122635,-0.014011159539222717
259,0.1613113433122635,-0.01470944657921791
260,0.1613113433122635,-0.01476379856467247
261,0.1613113433122635,-0.015123490244150162
262,0.1613113433122635,-0.015522588044404984
263,0.1613113433122635,-0.016682874411344528
264,0.1613113433122635,-0.017993967980146408
265,0.1613113433122635,-0.017460916191339493
266,0.1613113433122635,-0.01262320950627327
267,0.1613113433122635,-0.007656797766685486
268,0.1613113433122635,-0.004617765545845032
269,0.1613113433122635,-0.004012886434793472
270,0.1613113433122635,-0.002809755504131317
271,0.1613113433122635,-0.0047266073524951935
272,0.1613113433122635,-0.008451636880636215
273,0.1613113433122635,-0.011878710240125656
274,0.1613113433122635,-0.013755884021520615
275,0.1613113433122635,-0.01387333869934082
276,0.1613113433122635,-0.01047518476843834
277,0.1613113433122635,-0.0076344870030879974
278,0.1613113433122635,-0.008376378566026688
279,0.1613113433122635,-0.012937970459461212
280,0.1613113433122635,-0.017256561666727066
281,0.1613113433122635,-0.01819702610373497
282,0.1613113433122635,-0.017543885856866837
283,0.1613113433122635,-0.017534617334604263
284,0.1613113433122635,-0.015559259802103043
285,0.1613113433122635,-0.014710132032632828
286,0.1613113433122635,-0.0110996775329113
287,0.1613113433122635,-0.00922950729727745
288,0.1613113433122635,-0.006973054260015488
289,0.1613113433122635,-0.008783195167779922
290,0.1613113433122635,-0.010597970336675644
291,0.1613113433122635,-0.010364864021539688
292,0.1613113433122635,-0.008871156722307205
293,0.1613113433122635,-0.0065910704433918
294,0.1613113433122635,-0.00675593689084053
295,0.1613113433122635,-0.010129407048225403
296,0.1613113433122635,-0.012289199978113174
297,0.1613113433122635,-0.010143760591745377
298,0.1613113433122635,-0.005966097116470337
299,0.1613113433122635,-0.003541175276041031
300,0.1613113433122635,-0.0013027116656303406
301,0.1613113433122635,-0.00041049346327781677
302,0.1613113433122635,-0.002742912620306015
303,0.1613113433122635,-0.007608722895383835
304,0.1613113433122635,-0.013194743543863297
305,0.1613113433122635,-0.017278466373682022
306,0.1613113433122635,-0.019904982298612595
307,0.1613113433122635,-0.02071920409798622
308,0.1613113433122635,-0.02090877667069435
309,0.1613113433122635,-0.019263233989477158
310,0.1613113433122635,-0.018383417278528214
311,0.1613113433122635,-0.016866076737642288
312,0.1613113433122635,-0.017368394881486893
313,0.1613113433122635,-0.017344612628221512
314,0.1613113433122635,-0.01781364157795906
315,0.1613113433122635,-0.01651081070303917
316,0.1613113433122635,-0.013124652206897736
317,0.1613113433122635,-0.007680926471948624
318,0.1613113433122635,-0.005387261509895325
319,0.1613113433122635,-0.0069946907460689545
320,0.1613113433122635,-0.01021859422326088
321,0.1613113433122635,-0.012551937252283096
322,0.1613113433122635,-0.01369420439004898
323,0.1613113433122635,-0.015923384577035904
324,0.1613113433122635,-0.01682814583182335
325,0.1613113433122635,-0.01607542112469673
326,0.1613113433122635,-0.01598210260272026
327,0.1613113433122635,-0.014378618448972702
328,0.1613113433122635,-0.010640878230333328
329,0.1613113433122635,-0.004350628703832626
330,0.1613113433122635,-0.0018734745681285858
331,0.1613113433122635,-0.0017516985535621643
332,0.1613113433122635,-0.007059965282678604
333,0.1613113433122635,-0.0145157091319561
334,0.1613113433122635,-0.019681360572576523
335,0.1613113433122635,-0.02167263999581337
336,0.1613113433122635,-0.018805723637342453
337,0.1613113433122635,-0.016191545873880386
338,0.1613113433122635,-0.014914441853761673
339,0.1613113433122635,-0.015335459262132645
340,0.1613113433122635,-0.019376445561647415
341,0.1613113433122635,-0.0197659470140934
342,0.1613113433122635,-0.018246907740831375
343,0.1613113433122635,-0.013186108320951462
344,0.1613113433122635,-0.008235353976488113
345,0.1613113433122635,-0.004489611834287643
346,0.1613113433122635,-0.005094025284051895
347,0.1613113433122635,-0.008547540754079819
348,0.1613113433122635,-0.012429848313331604
349,0.1613113433122635,-0.016482319682836533
350,0.1613113433122635,-0.01896132156252861
351,0.1613113433122635,-0.01947241649031639
352,0.1613113433122635,-0.01790662482380867
353,0.1613113433122635,-0.013763587921857834
354,0.1613113433122635,-0.010977290570735931
355,0.1613113433122635,-0.01086127758026123
356,0.1613113433122635,-0.013779722154140472
357,0.1613113433122635,-0.016496751457452774
358,0.1613113433122635,-0.01723771169781685
359,0.1613113433122635,-0.016658935695886612
360,0.1613113433122635,-0.015308860689401627
361,0.1613113433122635,-0.014866117388010025
362,0.1613113433122635,-0.013335112482309341
363,0.1613113433122635,-0.012485962361097336
364,0.1613113433122635,-0.013323385268449783
365,0.1613113433122635,-0.014868337661027908
366,0.1613113433122635,-0.014420274645090103
367,0.1613113433122635,-0.01197432354092598
368,0.1613113433122635,-0.010883823037147522
369,0.1613113433122635,-0.013140294700860977
370,0.1613113433122635,-0.016352158039808273
371,0.1613113433122635,-0.015885252505540848
372,0.1613113433122635,-0.015822138637304306
373,0.1613113433122635,-0.01512693241238594
374,0.1613113433122635,-0.01323762908577919
375,0.1613113433122635,-0.009626418352127075
376,0.1613113433122635,-0.0065737031400203705
377,0.1613113433122635,-0.006045304238796234
378,0.1613113433122635,-0.008529406040906906
379,0.1613113433122635,-0.013274163007736206
380,0.1613113433122635,-0.018955189734697342
381,0.1613113433122635,-0.019722897559404373
382,0.1613113433122635,-0.016437504440546036
383,0.1613113433122635,-0.014540474861860275
384,0.1613113433122635,-0.01548464223742485
385,0.1613113433122635,-0.016919653862714767
386,0.1613113433122635,-0.015521775931119919
387,0.1613113433122635,-0.013756807893514633
388,0.1613113433122635,-0.013210292905569077
389,0.1613113433122635,-0.013895254582166672
390,0.1613113433122635,-0.01603970304131508
391,0.1613113433122635,-0.01808587834239006
392,0.1613113433122635,-0.01762855425477028
393,0.1613113433122635,-0.018287237733602524
394,0.1613113433122635,-0.018904168158769608
395,0.1613113433122635,-0.019412044435739517
396,0.1613113433122635,-0.0180235393345356
397,0.1613113433122635,-0.015355255454778671
398,0.1613113433122635,-0.013931792229413986
399,0.1613113433122635,-0.013636235147714615
400,0.1613113433122635,-0.013409622013568878
401,0.1613113433122635,-0.014914076775312424
402,0.1613113433122635,-0.015501011162996292
403,0.1613113433122635,-0.011720683425664902
404,0.1613113433122635,-0.008370775729417801
405,0.1613113433122635,-0.008124742656946182
406,0.1613113433122635,-0.011148720979690552
407,0.1613113433122635,-0.013629671186208725
408,0.1613113433122635,-0.013122621923685074
409,0.1613113433122635,-0.009743090718984604
410,0.1613113433122635,-0.004006996750831604
411,0.1613113433122635,-0.0009279288351535797
412,0.1613113433122635,-0.00018420442938804626
413,0.1613113433122635,-0.0023577027022838593
414,0.1613113433122635,-0.005462482571601868
415,0.1613113433122635,-0.009018316864967346
416,0.1613113433122635,-0.012110847979784012
417,0.1613113433122635,-0.01305915042757988
418,0.1613113433122635,-0.011640753597021103
419,0.1613113433122635,-0.01001669466495514
420,0.1613113433122635,-0.010194651782512665
421,0.1613113433122635,-0.01270374283194542
422,0.1613113433122635,-0.015107918530702591
423,0.1613113433122635,-0.016274530440568924
424,0.1613113433122635,-0.01691238209605217
425,0.1613113433122635,-0.01796109601855278
426,0.1613113433122635,-0.01709829643368721
427,0.1613113433122635,-0.014504943042993546
428,0.1613113433122635,-0.01059335470199585
429,0.1613113433122635,-0.007865559309720993
430,0.1613113433122635,-0.007676202803850174
431,0.1613113433122635,-0.007032640278339386
432,0.1613113433122635,-0.009137127548456192
433,0.1613113433122635,-0.013126477599143982
434,0.1613113433122635,-0.015755418688058853
435,0.1613113433122635,-0.014555323868989944
436,0.1613113433122635,-0.012484658509492874
437,0.1613113433122635,-0.012400742620229721
438,0.1613113433122635,-0.015069734305143356
439,0.1613113433122635,-0.017008040100336075
440,0.1613113433122635,-0.022321995347738266
441,0.1613113433122635,-0.025174487382173538
442,0.1613113433122635,-0.024183239787817
443,0.1613113433122635,-0.020091939717531204
444,0.1613113433122635,-0.01656683161854744
445,0.1613113433122635,-0.015730399638414383
446,0.1613113433122635,-0.01825850084424019
447,0.1613113433122635,-0.020474348217248917
448,0.1613113433122635,-0.020048607140779495
449,0.1613113433122635,-0.016512859612703323
450,0.1613113433122635,-0.015095766633749008
451,0.1613113433122635,-0.014486301690340042
452,0.1613113433122635,-0.01193678006529808
453,0.1613113433122635,-0.012143276631832123
454,0.1613113433122635,-0.013347256928682327
455,0.1613113433122635,-0.013807076960802078
456,0.1613113433122635,-0.014865871518850327
457,0.1613113433122635,-0.017976444214582443
458,0.1613113433122635,-0.02075214311480522
459,0.1613113433122635,-0.02092888578772545
460,0.1613113433122635,-0.017850834876298904
461,0.1613113433122635,-0.015067491680383682
462,0.1613113433122635,-0.011384207755327225
463,0.1613113433122635,-0.010440986603498459
464,0.1613113433122635,-0.013725999742746353
465,0.1613113433122635,-0.015365596860647202
466,0.1613113433122635,-0.015130992978811264
467,0.1613113433122635,-0.012213267385959625
468,0.1613113433122635,-0.009634576737880707
469,0.1613113433122635,-0.011841576546430588
470,0.1613113433122635,-0.013459589332342148
471,0.1613113433122635,-0.013595141470432281
472,0.1613113433122635,-0.014399375766515732
473,0.1613113433122635,-0.015488285571336746
474,0.1613113433122635,-0.01893635466694832
475,0.1613113433122635,-0.020710837095975876
476,0.1613113433122635,-0.02093680575489998
477,0.1613113433122635,-0.020774442702531815
478,0.1613113433122635,-0.02010239288210869
479,0.1613113433122635,-0.020048994570970535
480,0.1613113433122635,-0.01782168075442314
481,0.1613113433122635,-0.015051838010549545
482,0.1613113433122635,-0.011191952973604202
483,0.1613113433122635,-0.011117026209831238
484,0.1613113433122635,-0.014499489217996597
485,0.1613113433122635,-0.015071380883455276
486,0.1613113433122635,-0.013771958649158478
487,0.1613113433122635,-0.012263927608728409
488,0.1613113433122635,-0.01196267083287239
489,0.1613113433122635,-0.01291358470916748
490,0.1613113433122635,-0.016886044293642044
491,0.1613113433122635,-0.020412568002939224
492,0.1613113433122635,-0.019362810999155045
493,0.1613113433122635,-0.0185219906270504
494,0.1613113433122635,-0.017311442643404007
495,0.1613113433122635,-0.01866212859749794
496,0.1613113433122635,-0.019244689494371414
497,0.1613113433122635,-0.021273691207170486
498,0.1613113433122635,-0.020251896232366562
499,0.1613113433122635,-0.017084281891584396
500,0.1613113433122635,-0.013409949839115143
501,0.1613113433122635,-0.010932881385087967
502,0.1613113433122635,-0.011142529547214508
503,0.1613113433122635,-0.013636443763971329
504,0.1613113433122635,-0.019076216965913773
505,0.1613113433122635,-0.02210846170783043
506,0.1613113433122635,-0.02207491174340248
507,0.1613113433122635,-0.02102813497185707
508,0.1613113433122635,-0.020875561982393265
509,0.1613113433122635,-0.020329002290964127
510,0.1613113433122635,-0.01820891723036766
511,0.1613113433122635,-0.017533238977193832
512,0.1613113433122635,-0.017117653042078018
513,0.1613113433122635,-0.018487203866243362
514,0.1613113433122635,-0.018478643149137497
515,0.1613113433122635,-0.016744885593652725
516,0.1613113433122635,-0.016430798918008804
517,0.1613113433122635,-0.01642220839858055
518,0.1613113433122635,-0.015092406421899796
519,0.16711656749248505,0.4270966649055481
520,0.16711656749248505,0.41989588737487793
521,0.16711656749248505,0.42263537645339966
522,0.16711656749248505,0.415149986743927
523,0.16711656749248505,0.42019331455230713
524,0.16711656749248505,0.40258723497390747
525,0.16711656749248505,0.42037445306777954
526,0.16711656749248505,0.4102246165275574
527,0.16711656749248505,0.4188452363014221
528,0.16711656749248505,0.42286819219589233
529,0.16711656749248505,0.3921080231666565
530,0.16711656749248505,0.4248965084552765
531,0.16711656749248505,0.41659313440322876
532,0.16711656749248505,0.42230477929115295
533,0.16711656749248505,0.42415651679039
534,0.16711656749248505,0.4245307445526123
535,0.16711656749248505,0.4298604130744934
536,0.16711656749248505,0.4098179340362549
537,0.16711656749248505,0.4253750145435333
538,0.16711656749248505,0.4274793267250061
539,0.16711656749248505,0.40287238359451294
540,0.16711656749248505,0.4186002016067505
541,0.16711656749248505,0.4224849343299866
542,0.16711656749248505,0.41326531767845154
543,0.16711656749248505,0.4305606186389923
544,0.16711656749248505,0.41852086782455444
545,0.16711656749248505,0.4208589792251587
546,0.16711656749248505,0.4221717119216919
547,0.16711656749248505,0.434620201587677
548,0.16711656749248505,0.39570948481559753
549,0.16711656749248505,0.43305128812789917
550,0.16711656749248505,0.4153083562850952
551,0.16711656749248505,0.4132665693759918
552,0.16711656749248505,0.4268101453781128
553,0.16711656749248505,0.42262768745422363
554,0.16711656749248505,0.42380422353744507
555,0.16711656749248505,0.4134903848171234
556,0.16711656749248505,0.42295247316360474
557,0.16711656749248505,0.41174930334091187
558,0.16711656749248505,0.41281914710998535
559,0.16711656749248505,0.4089795649051666
560,0.16711656749248505,0.4221973717212677
561,0.16711656749248505,0.4267677068710327
562,0.16711656749248505,0.40158072113990784
563,0.16711656749248505,0.4402712881565094
564,0.16711656749248505,0.4010975956916809
565,0.16711656749248505,0.4302156865596771
566,0.16711656749248505,0.4230242967605591
567,0.16711656749248505,0.4081350564956665
568,0.16711656749248505,0.43482014536857605
569,0.16711656749248505,0.41118377447128296
570,0.16711656749248505,0.4140806794166565
571,0.16711656749248505,0.4298264682292938
572,0.16711656749248505,0.41182878613471985
573,0.16711656749248505,0.40686798095703125
574,0.16711656749248505,0.4235832095146179
575,0.16711656749248505,0.41979897022247314
576,0.16711656749248505,0.40787994861602783
577,0.16711656749248505,0.41354233026504517
578,0.16711656749248505,0.4337018132209778
579,0.16711656749248505,0.4091671109199524
580,0.16711656749248505,0.41481465101242065
581,0.16711656749248505,0.42126840353012085
582,0.16711656749248505,0.4144918918609619
583,0.16711656749248505,0.42106539011001587
584,0.16711656749248505,0.4026724696159363
585,0.16711656749248505,0.43374213576316833
586,0.16711656749248505,0.4157521426677704
587,0.16711656749248505,0.41593503952026367
588,0.16711656749248505,0.425148069858551
589,0.16711656749248505,0.42899686098098755
590,0.16711656749248505,0.39590543508529663
591,0.16711656749248505,0.42843616008758545
592,0.16711656749248505,0.3995988368988037
593,0.16711656749248505,0.42261797189712524
594,0.16711656749248505,0.42022794485092163
595,0.16711656749248505,0.42875951528549194
596,0.16711656749248505,0.4181084930896759
597,0.16711656749248505,0.43476173281669617
598,0.16711656749248505,0.40914368629455566
599,0.16711656749248505,0.43862318992614746
600,0.16711656749248505,0.41524577140808105
601,0.16711656749248505,0.4337674677371979
602,0.16711656749248505,0.4042726159095764
603,0.16711656749248505,0.4372333586215973
604,0.16711656749248505,0.41288089752197266
605,0.16711656749248505,0.4218684434890747
606,0.16711656749248505,0.4098495543003082
607,0.16711656749248505,0.4288739562034607
608,0.16711656749248505,0.3955900967121124
609,0.16711656749248505,0.4355611801147461
610,0.16711656749248505,0.4099723696708679
611,0.16711656749248505,0.4328039884567261
612,0.16711656749248505,0.4305323660373688
613,0.16711656749248505,0.409881591796875
614,0.16711656749248505,0.42169055342674255
615,0.16711656749248505,0.4231516718864441
616,0.16711656749248505,0.39323049783706665
617,0.16711656749248505,0.42679911851882935
618,0.16711656749248505,0.42304402589797974
619,0.16711656749248505,0.4183962941169739
620,0.16711656749248505,0.42992886900901794
621,0.16711656749248505,0.4274147152900696
622,0.16711656749248505,0.41587528586387634
623,0.16711656749248505,0.41998612880706787
624,0.16711656749248505,0.4228401482105255
625,0.16711656749248505,0.42316219210624695
626,0.16711656749248505,0.4139416217803955
627,0.16711656749248505,0.4237653315067291
628,0.16711656749248505,0.42340734601020813
629,0.16711656749248505,0.4159911870956421
630,0.16711656749248505,0.41209128499031067
631,0.16711656749248505,0.42575424909591675
632,0.16711656749248505,0.411355197429657
633,0.16711656749248505,0.4079638123512268
634,0.16711656749248505,0.41712769865989685
635,0.16711656749248505,0.40772318840026855
636,0.16711656749248505,0.4253290593624115
637,0.16711656749248505,0.4204585552215576
638,0.16711656749248505,0.41152238845825195
639,0.16711656749248505,0.41920989751815796
640,0.16711656749248505,0.4084383547306061
641,0.16711656749248505,0.4114381670951843
642,0.16711656749248505,0.4365481734275818
643,0.16711656749248505,0.4136516749858856
644,0.16711656749248505,0.4172385632991791
645,0.16711656749248505,0.4288201928138733
646,0.16711656749248505,0.41098731756210327
647,0.16711656749248505,0.4130244255065918
648,0.16711656749248505,0.42533671855926514
649,0.16711656749248505,0.4121505320072174
650,0.16711656749248505,0.4087754786014557
651,0.16711656749248505,0.42583510279655457
652,0.16711656749248505,0.40762582421302795
653,0.16711656749248505,0.42375755310058594
654,0.16711656749248505,0.4279336929321289
655,0.16711656749248505,0.4271681010723114
656,0.16711656749248505,0.4197998046875
657,0.16711656749248505,0.4114592373371124
658,0.16711656749248505,0.42882469296455383
659,0.16711656749248505,0.4133702516555786
660,0.16711656749248505,0.4148823320865631
661,0.16711656749248505,0.4183489680290222
662,0.16711656749248505,0.42723774909973145
663,0.16711656749248505,0.40151435136795044
664,0.16711656749248505,0.4153846502304077
665,0.16711656749248505,0.4236873388290405
666,0.16711656749248505,0.40366673469543457
667,0.16711656749248505,0.42307037115097046
668,0.16711656749248505,0.4020584225654602
669,0.16711656749248505,0.410003125667572
670,0.16711656749248505,0.41901373863220215
671,0.16711656749248505,0.4001624584197998
672,0.16711656749248505,0.4230794310569763
673,0.16711656749248505,0.4158005118370056
674,0.16711656749248505,0.4091780483722687
675,0.16711656749248505,0.42439597845077515
676,0.16711656749248505,0.4075860381126404
677,0.16711656749248505,0.41943979263305664
678,0.16711656749248505,0.42094507813453674
679,0.16711656749248505,0.40230828523635864
680,0.16711656749248505,0.4227220416069031
681,0.16711656749248505,0.40081703662872314
682,0.16711656749248505,0.41884133219718933
683,0.16711656749248505,0.41095060110092163
684,0.16711656749248505,0.4239075183868408
685,0.16711656749248505,0.42227882146835327
686,0.16711656749248505,0.4085262417793274
687,0.16711656749248505,0.42671406269073486
688,0.16711656749248505,0.4119260907173157
689,0.16711656749248505,0.4024665951728821
690,0.16711656749248505,0.411214679479599
691,0.16711656749248505,0.4161291718482971
692,0.16711656749248505,0.4113936722278595
693,0.16711656749248505,0.40189701318740845
694,0.16711656749248505,0.4264088273048401
695,0.16711656749248505,0.39687836170196533
696,0.16711656749248505,0.4182506203651428
697,0.16711656749248505,0.40400052070617676
698,0.16711656749248505,0.426174521446228
699,0.16711656749248505,0.40623366832733154
700,0.16711656749248505,0.4209604859352112
701,0.16711656749248505,0.40963149070739746
702,0.16711656749248505,0.4255797266960144
703,0.16711656749248505,0.41675853729248047
704,0.16711656749248505,0.4102388918399811
705,0.16711656749248505,0.4249480962753296
706,0.16711656749248505,0.4093177616596222
707,0.16711656749248505,0.41423118114471436
708,0.16711656749248505,0.4076527953147888
709,0.16711656749248505,0.434685081243515
710,0.16711656749248505,0.4030017852783203
711,0.16711656749248505,0.4213387072086334
712,0.16711656749248505,0.4125574827194214
713,0.16711656749248505,0.42549705505371094
714,0.16711656749248505,0.41299426555633545
715,0.16711656749248505,0.42844119668006897
716,0.16711656749248505,0.42137524485588074
717,0.16711656749248505,0.40239763259887695
718,0.16711656749248505,0.4146113395690918
719,0.16711656749248505,0.4045413136482239
720,0.16711656749248505,0.40971848368644714
721,0.16711656749248505,0.4277663230895996
722,0.16711656749248505,0.40309929847717285
723,0.16711656749248505,0.4294573962688446
724,0.16711656749248505,0.4148264229297638
725,0.16711656749248505,0.41887611150741577
726,0.16711656749248505,0.4289747476577759
727,0.16711656749248505,0.4093247652053833
728,0.16711656749248505,0.42104679346084595
729,0.16711656749248505,0.4123319387435913
730,0.16711656749248505,0.4170480966567993
731,0.16711656749248505,0.4022209048271179
732,0.16711656749248505,0.4268014132976532
733,0.16711656749248505,0.42245638370513916
734,0.16711656749248505,0.4036075472831726
735,0.16711656749248505,0.4325145483016968
736,0.16711656749248505,0.3954561948776245
737,0.16711656749248505,0.41439005732536316
738,0.16711656749248505,0.4200911521911621
739,0.16711656749248505,0.4206898510456085
740,0.16711656749248505,0.40880006551742554
741,0.16711656749248505,0.42225492000579834
742,0.16711656749248505,0.4280382990837097
743,0.16711656749248505,0.4012029767036438
744,0.16711656749248505,0.4225015938282013
745,0.16711656749248505,0.4249645471572876
746,0.16711656749248505,0.4167634844779968
747,0.16711656749248505,0.4167284369468689
748,0.16711656749248505,0.4246342182159424
749,0.16711656749248505,0.4050058424472809
750,0.16711656749248505,0.41757920384407043
751,0.16711656749248505,0.40794721245765686
752,0.16711656749248505,0.42800724506378174
753,0.16711656749248505,0.4177477955818176
754,0.16711656749248505,0.4307445287704468
755,0.16711656749248505,0.4234578609466553
756,0.16711656749248505,0.4319177269935608
757,0.16711656749248505,0.3958169221878052
758,0.16711656749248505,0.4244222640991211
759,0.16711656749248505,0.3968539834022522
760,0.16711656749248505,0.4164232611656189
761,0.16711656749248505,0.4077123701572418
762,0.16711656749248505,0.3860575556755066
763,0.16711656749248505,0.40254470705986023
764,0.16711656749248505,0.41319483518600464
765,0.16711656749248505,0.39768514037132263
766,0.16711656749248505,0.41776376962661743
767,0.16711656749248505,0.4156317114830017
768,0.16711656749248505,0.41045209765434265
769,0.16711656749248505,0.4164939522743225
770,0.16711656749248505,0.4194169044494629
771,0.16711656749248505,0.411021888256073
772,0.16711656749248505,0.4173680543899536
773,0.16711656749248505,0.4003292918205261
774,0.16711656749248505,0.4273175001144409
775,0.16711656749248505,0.3971666693687439
776,0.16711656749248505,0.43226370215415955
777,0.16711656749248505,0.40788203477859497
778,0.16711656749248505,0.4119589328765869
779,0.16711656749248505,0.3973230719566345
780,0.16711656749248505,0.41529905796051025
781,0.16711656749248505,0.41334012150764465
782,0.16711656749248505,0.41351190209388733
783,0.16711656749248505,0.4158988296985626
784,0.16711656749248505,0.43575456738471985
785,0.16711656749248505,0.40381956100463867
786,0.16711656749248505,0.43277567625045776
787,0.16711656749248505,0.4366336464881897
788,0.16711656749248505,0.4037737548351288
789,0.16711656749248505,0.4354042112827301
790,0.16711656749248505,0.4086604714393616
791,0.16711656749248505,0.411202609539032
792,0.16711656749248505,0.4270329475402832
793,0.16711656749248505,0.41756919026374817
794,0.16711656749248505,0.41129034757614136
795,0.16711656749248505,0.4341111183166504
796,0.16711656749248505,0.42324718832969666
797,0.16711656749248505,0.4157509505748749
798,0.16711656749248505,0.4207112491130829
799,0.16711656749248505,0.4268382787704468
800,0.16711656749248505,0.41536855697631836
801,0.16711656749248505,0.4235619008541107
802,0.16711656749248505,0.4170917272567749
803,0.16711656749248505,0.4217604696750641
804,0.16711656749248505,0.4078742265701294
805,0.16711656749248505,0.4282428026199341
806,0.16711656749248505,0.42819130420684814
807,0.16711656749248505,0.41235920786857605
808,0.16711656749248505,0.4215756952762604
809,0.16711656749248505,0.4256240129470825
810,0.16711656749248505,0.4146808385848999
811,0.16711656749248505,0.4070555567741394
812,0.16711656749248505,0.4311084747314453
813,0.16711656749248505,0.4156327247619629
814,0.16711656749248505,0.43012598156929016
815,0.16711656749248505,0.4034689664840698
816,0.16711656749248505,0.43150368332862854
817,0.16711656749248505,0.4253036379814148
818,0.16711656749248505,0.4049984812736511
819,0.16711656749248505,0.43089717626571655
820,0.16711656749248505,0.40902090072631836
821,0.16711656749248505,0.42041894793510437
822,0.16711656749248505,0.3878520727157593
823,0.16711656749248505,0.4295884966850281
824,0.16711656749248505,0.4130367934703827
825,0.16711656749248505,0.4117400646209717
826,0.16711656749248505,0.42094847559928894
827,0.16711656749248505,0.4184894263744354
828,0.16711656749248505,0.41088151931762695
829,0.16711656749248505,0.431723952293396
830,0.16711656749248505,0.41753169894218445
831,0.16711656749248505,0.41890084743499756
832,0.16711656749248505,0.4157218933105469
833,0.16711656749248505,0.40855520963668823
834,0.16711656749248505,0.4153221845626831
835,0.16711656749248505,0.3917549252510071
836,0.16711656749248505,0.41274774074554443
837,0.16711656749248505,0.4034476578235626
838,0.16711656749248505,0.4159277677536011
839,0.16711656749248505,0.4320525527000427
840,0.16711656749248505,0.4107314944267273
841,0.16711656749248505,0.4099012315273285
842,0.16711656749248505,0.4361138939857483
843,0.16711656749248505,0.3908650875091553
844,0.16711656749248505,0.42852067947387695
845,0.16711656749248505,0.4095662236213684
846,0.16711656749248505,0.40131327509880066
847,0.16711656749248505,0.42887747287750244
848,0.16711656749248505,0.4013470411300659
849,0.16711656749248505,0.419858455657959
850,0.16711656749248505,0.41817837953567505
851,0.16711656749248505,0.4286246597766876
852,0.16711656749248505,0.4134521484375
853,0.16711656749248505,0.4181467294692993
854,0.16711656749248505,0.4179624617099762
855,0.16711656749248505,0.4050506055355072
856,0.16711656749248505,0.40313535928726196
857,0.16711656749248505,0.41149425506591797
858,0.16711656749248505,0.40688443183898926
859,0.16711656749248505,0.41746172308921814
860,0.16711656749248505,0.42026853561401367
861,0.16711656749248505,0.41508105397224426
862,0.16711656749248505,0.4373723566532135
863,0.16711656749248505,0.4027356207370758
864,0.16711656749248505,0.42731374502182007
865,0.16711656749248505,0.43186497688293457
866,0.16711656749248505,0.3906483054161072
867,0.16711656749248505,0.41556912660598755
868,0.16711656749248505,0.3881015479564667
869,0.16711656749248505,0.3995280861854553
870,0.16711656749248505,0.4250624477863312
871,0.16711656749248505,0.407246470451355
872,0.16711656749248505,0.4323437809944153
873,0.16711656749248505,0.4211094379425049
874,0.16711656749248505,0.42465031147003174
875,0.16711656749248505,0.4185805916786194
876,0.16711656749248505,0.42736679315567017
877,0.16711656749248505,0.43157821893692017
878,0.16711656749248505,0.3976685702800751
879,0.16711656749248505,0.42490261793136597
880,0.16711656749248505,0.4044797122478485
881,0.16711656749248505,0.4243585467338562
882,0.16711656749248505,0.41128087043762207
883,0.16711656749248505,0.42389625310897827
884,0.16711656749248505,0.4269721508026123
885,0.16711656749248505,0.41440659761428833
886,0.16711656749248505,0.4185551404953003
887,0.16711656749248505,0.4283362030982971
888,0.16711656749248505,0.4016847014427185
889,0.16711656749248505,0.4045804440975189
890,0.16711656749248505,0.42686575651168823
891,0.16711656749248505,0.40274718403816223
892,0.16711656749248505,0.41328853368759155
893,0.16711656749248505,0.40087318420410156
894,0.16711656749248505,0.41713619232177734
895,0.16711656749248505,0.4076562523841858
896,0.16711656749248505,0.42575931549072266
897,0.16711656749248505,0.41913849115371704
898,0.16711656749248505,0.39910221099853516
899,0.16711656749248505,0.4113161265850067
900,0.16711656749248505,0.39919328689575195
901,0.16711656749248505,0.41111403703689575
902,0.16711656749248505,0.4051554799079895
903,0.16711656749248505,0.42695164680480957
904,0.16711656749248505,0.420775830745697
905,0.16711656749248505,0.4069209396839142
906,0.16711656749248505,0.4243147075176239
907,0.16711656749248505,0.42341646552085876
908,0.16711656749248505,0.40661001205444336
909,0.16711656749248505,0.44433140754699707
910,0.16711656749248505,0.4188010096549988
911,0.16711656749248505,0.44192785024642944
912,0.16711656749248505,0.41338714957237244
913,0.16711656749248505,0.4262153208255768
914,0.16711656749248505,0.4185032248497009
915,0.16711656749248505,0.416866660118103
916,0.16711656749248505,0.43246763944625854
917,0.16711656749248505,0.43915554881095886
918,0.16711656749248505,0.4219360947608948
919,0.16711656749248505,0.43610212206840515
920,0.16711656749248505,0.42259958386421204
921,0.16711656749248505,0.4048236906528473
922,0.16711656749248505,0.4091548025608063
923,0.16711656749248505,0.4247487783432007
924,0.16711656749248505,0.4051384925842285
925,0.16711656749248505,0.4306778907775879
926,0.16711656749248505,0.4236237108707428
927,0.16711656749248505,0.4108818769454956
928,0.16711656749248505,0.42755216360092163
929,0.16711656749248505,0.4324532151222229
930,0.16711656749248505,0.40321582555770874
931,0.16711656749248505,0.42436301708221436
932,0.16711656749248505,0.4129789173603058
933,0.16711656749248505,0.417726993560791
934,0.16711656749248505,0.42741328477859497
935,0.16711656749248505,0.4295353293418884
936,0.16711656749248505,0.40392249822616577
937,0.16711656749248505,0.43727099895477295
938,0.16711656749248505,0.40475618839263916
939,0.16711656749248505,0.41517284512519836
940,0.16711656749248505,0.43188148736953735
941,0.16711656749248505,0.40783393383026123
942,0.16711656749248505,0.42162805795669556
943,0.16711656749248505,0.43060630559921265
944,0.16711656749248505,0.43186524510383606
945,0.16711656749248505,0.390898734331131
946,0.16711656749248505,0.42625486850738525
947,0.16711656749248505,0.4108860492706299
948,0.16711656749248505,0.38651251792907715
949,0.16711656749248505,0.4262651205062866
950,0.16711656749248505,0.4013962149620056
951,0.16711656749248505,0.4281723201274872
952,0.16711656749248505,0.39963439106941223
953,0.16711656749248505,0.4314787983894348
954,0.16711656749248505,0.42502009868621826
955,0.16711656749248505,0.41042274236679077
956,0.16711656749248505,0.42795151472091675
957,0.16711656749248505,0.43545180559158325
958,0.16711656749248505,0.4081958532333374
959,0.16711656749248505,0.4100945293903351
960,0.16711656749248505,0.41642439365386963
961,0.16711656749248505,0.4146842956542969
962,0.16711656749248505,0.39899393916130066
963,0.16711656749248505,0.42154473066329956
964,0.16711656749248505,0.4166669249534607
965,0.16711656749248505,0.42433643341064453
966,0.16711656749248505,0.41379427909851074
967,0.16711656749248505,0.4364932179450989
968,0.16711656749248505,0.4086371660232544
969,0.16711656749248505,0.42138025164604187
970,0.16711656749248505,0.41022515296936035
971,0.16711656749248505,0.41848698258399963
972,0.16711656749248505,0.40332746505737305
973,0.16711656749248505,0.4136885404586792
974,0.16711656749248505,0.41898736357688904
975,0.16711656749248505,0.41946423053741455
976,0.16711656749248505,0.4059010148048401
977,0.16711656749248505,0.43213391304016113
978,0.16711656749248505,0.39771056175231934
979,0.16711656749248505,0.41558533906936646
980,0.16711656749248505,0.4140377640724182
981,0.16711656749248505,0.4031265377998352
982,0.16711656749248505,0.4257124066352844
983,0.16711656749248505,0.4185822606086731
984,0.16711656749248505,0.41351673007011414
985,0.16711656749248505,0.40489500761032104
986,0.16711656749248505,0.4073443114757538
987,0.16711656749248505,0.4131837487220764
988,0.16711656749248505,0.40014898777008057
989,0.16711656749248505,0.4329134225845337
990,0.16711656749248505,0.4068482518196106
991,0.16711656749248505,0.4276573061943054
992,0.16711656749248505,0.4112105369567871
993,0.16711656749248505,0.4211042523384094
994,0.16711656749248505,0.42073386907577515
995,0.16711656749248505,0.4244718551635742
996,0.16711656749248505,0.4250587821006775
997,0.16711656749248505,0.4322619140148163
998,0.16711656749248505,0.40784579515457153
999,0.16711656749248505,0.40918394923210144
1000,0.16711656749248505,0.42288416624069214
1001,0.16711656749248505,0.41489142179489136
1002,0.16711656749248505,0.42427679896354675
1003,0.16711656749248505,0.4221794009208679
1004,0.16711656749248505,0.411496102809906
1005,0.16711656749248505,0.41800791025161743
1006,0.16711656749248505,0.40763214230537415
1007,0.16711656749248505,0.4194713830947876
1008,0.16711656749248505,0.41247886419296265
1009,0.16711656749248505,0.41314566135406494
1010,0.16711656749248505,0.4228607416152954
1011,0.16711656749248505,0.40964555740356445
1012,0.16711656749248505,0.4258198142051697
1013,0.16711656749248505,0.4259694814682007
1014,0.20973902940750122,0.42345643043518066
1015,0.20973902940750122,0.43281012773513794
1016,0.20973902940750122,0.4464361071586609
1017,0.20973902940750122,0.4108346104621887
1018,0.20973902940750122,0.4422808289527893
1019,0.20973902940750122,0.41769152879714966
1020,0.20973902940750122,0.413488507270813
1021,0.20973902940750122,0.4410407543182373
1022,0.20973902940750122,0.3994644284248352
1023,0.20973902940750122,0.4302489459514618
1024,0.20973902940750122,0.41539543867111206
1025,0.20973902940750122,0.4142568111419678
1026,0.20973902940750122,0.4174754321575165
1027,0.20973902940750122,0.44093257188796997
1028,0.20973902940750122,0.4128056764602661
1029,0.20973902940750122,0.40682321786880493
1030,0.20973902940750122,0.4234197437763214
1031,0.20973902940750122,0.3942502439022064
1032,0.20973902940750122,0.41093316674232483
1033,0.20973902940750122,0.437103807926178
1034,0.20973902940750122,0.4154323935508728
1035,0.20973902940750122,0.4235784411430359
1036,0.20973902940750122,0.4191282391548157
1037,0.20973902940750122,0.4283764362335205
1038,0.20973902940750122,0.3982197642326355
1039,0.20973902940750122,0.4403098225593567
1040,0.20973902940750122,0.41051846742630005
1041,0.20973902940750122,0.424058735370636
1042,0.20973902940750122,0.4132917523384094
1043,0.20973902940750122,0.40576469898223877
1044,0.20973902940750122,0.42862892150878906
1045,0.20973902940750122,0.4227515459060669
1046,0.20973902940750122,0.4080495238304138
1047,0.20973902940750122,0.4415974020957947
1048,0.20973902940750122,0.40638166666030884
1049,0.20973902940750122,0.4253186583518982
1050,0.20973902940750122,0.41491466760635376
1051,0.20973902940750122,0.41553035378456116
1052,0.20973902940750122,0.4216570258140564
1053,0.20973902940750122,0.4315410852432251
1054,0.20973902940750122,0.41155776381492615
1055,0.20973902940750122,0.4356541931629181
1056,0.20973902940750122,0.41527432203292847
1057,0.20973902940750122,0.41626131534576416
1058,0.20973902940750122,0.42500799894332886
1059,0.20973902940750122,0.41675904393196106
1060,0.20973902940750122,0.41979333758354187
1061,0.20973902940750122,0.4122884273529053
1062,0.20973902940750122,0.4301599860191345
1063,0.20973902940750122,0.40108537673950195
1064,0.20973902940750122,0.4177936613559723
1065,0.20973902940750122,0.41208183765411377
1066,0.20973902940750122,0.4170672297477722
1067,0.20973902940750122,0.4198240041732788
1068,0.20973902940750122,0.4289070963859558
1069,0.20973902940750122,0.40836450457572937
1070,0.20973902940750122,0.4218069314956665
1071,0.20973902940750122,0.42146793007850647
1072,0.20973902940750122,0.4279738664627075
1073,0.20973902940750122,0.4150077700614929
1074,0.20973902940750122,0.4206141531467438
1075,0.20973902940750122,0.4218428134918213
1076,0.20973902940750122,0.4223190248012543
1077,0.20973902940750122,0.41489288210868835
1078,0.20973902940750122,0.435360312461853
1079,0.20973902940750122,0.423082172870636
1080,0.20973902940750122,0.4294371008872986
1081,0.20973902940750122,0.41859620809555054
1082,0.20973902940750122,0.42650991678237915
1083,0.20973902940750122,0.4188598692417145
1084,0.20973902940750122,0.4353950619697571
1085,0.20973902940750122,0.4054807424545288
1086,0.20973902940750122,0.4443761110305786
1087,0.20973902940750122,0.42864271998405457
1088,0.20973902940750122,0.41643062233924866
1089,0.20973902940750122,0.4276685118675232
1090,0.20973902940750122,0.4226697087287903
1091,0.20973902940750122,0.4117632806301117
1092,0.20973902940750122,0.41716909408569336
1093,0.20973902940750122,0.42906567454338074
1094,0.20973902940750122,0.41839340329170227
1095,0.20973902940750122,0.4164930582046509
1096,0.20973902940750122,0.4355223476886749
1097,0.20973902940750122,0.4187125563621521
1098,0.20973902940750122,0.42396652698516846
1099,0.20973902940750122,0.41883739829063416
1100,0.20973902940750122,0.43756335973739624
1101,0.20973902940750122,0.4039059281349182
1102,0.20973902940750122,0.43226224184036255
1103,0.20973902940750122,0.4237751364707947
1104,0.20973902940750122,0.4234839081764221
1105,0.20973902940750122,0.42596542835235596
1106,0.20973902940750122,0.43531590700149536
1107,0.20973902940750122,0.414672315120697
1108,0.20973902940750122,0.4387315511703491
1109,0.20973902940750122,0.4233326315879822
1110,0.20973902940750122,0.41251513361930847
1111,0.20973902940750122,0.4288652539253235
1112,0.20973902940750122,0.4246352016925812
1113,0.20973902940750122,0.4123130142688751
1114,0.20973902940750122,0.4278337359428406
1115,0.20973902940750122,0.41986197233200073
1116,0.20973902940750122,0.4161311089992523
1117,0.20973902940750122,0.4370476007461548
1118,0.20973902940750122,0.42228156328201294
1119,0.20973902940750122,0.4114307165145874
1120,0.20973902940750122,0.42984890937805176
1121,0.20973902940750122,0.40141957998275757
1122,0.20973902940750122,0.4246571958065033
1123,0.20973902940750122,0.4202713370323181
1124,0.20973902940750122,0.4244304895401001
1125,0.20973902940750122,0.4172537922859192
1126,0.20973902940750122,0.4234250783920288
1127,0.20973902940750122,0.4169918894767761
1128,0.20973902940750122,0.4171006679534912
1129,0.20973902940750122,0.4303673207759857
1130,0.20973902940750122,0.4024707078933716
1131,0.20973902940750122,0.4307734966278076
1132,0.20973902940750122,0.4143419563770294
1133,0.20973902940750122,0.3924914598464966
1134,0.20973902940750122,0.42644718289375305
1135,0.20973902940750122,0.40869051218032837
1136,0.20973902940750122,0.41155293583869934
1137,0.20973902940750122,0.4170157313346863
1138,0.20973902940750122,0.4322572350502014
1139,0.20973902940750122,0.40657496452331543
1140,0.20973902940750122,0.42847147583961487
1141,0.20973902940750122,0.43064117431640625
1142,0.20973902940750122,0.41406044363975525
1143,0.20973902940750122,0.4202461242675781
1144,0.20973902940750122,0.43354135751724243
1145,0.20973902940750122,0.41062551736831665
1146,0.20973902940750122,0.4345884621143341
1147,0.20973902940750122,0.4115760326385498
1148,0.20973902940750122,0.4284585416316986
1149,0.20973902940750122,0.43633103370666504
1150,0.20973902940750122,0.4068434238433838
1151,0.20973902940750122,0.44792330265045166
1152,0.20973902940750122,0.4137255847454071
1153,0.20973902940750122,0.42475375533103943
1154,0.20973902940750122,0.42349711060523987
1155,0.20973902940750122,0.42672479152679443
1156,0.20973902940750122,0.4045571982860565
1157,0.20973902940750122,0.4322608709335327
1158,0.20973902940750122,0.41345882415771484
1159,0.20973902940750122,0.4042596220970154
1160,0.20973902940750122,0.42699724435806274
1161,0.20973902940750122,0.41822683811187744
1162,0.20973902940750122,0.414251446723938
1163,0.20973902940750122,0.4404671788215637
1164,0.20973902940750122,0.4198177456855774
1165,0.20973902940750122,0.42254525423049927
1166,0.20973902940750122,0.42742711305618286
1167,0.20973902940750122,0.4119965434074402
1168,0.20973902940750122,0.42599302530288696
1169,0.20973902940750122,0.41432106494903564
1170,0.20973902940750122,0.4343777596950531
1171,0.20973902940750122,0.4157382845878601
1172,0.20973902940750122,0.4217032790184021
1173,0.20973902940750122,0.4105289578437805
1174,0.20973902940750122,0.4148945212364197
1175,0.20973902940750122,0.43784162402153015
1176,0.20973902940750122,0.41524791717529297
1177,0.20973902940750122,0.42304614186286926
1178,0.20973902940750122,0.4297436475753784
1179,0.20973902940750122,0.4074484407901764
1180,0.20973902940750122,0.4332709312438965
1181,0.20973902940750122,0.4321761727333069
1182,0.20973902940750122,0.4216957092285156
1183,0.20973902940750122,0.4184260666370392
1184,0.20973902940750122,0.42844733595848083
1185,0.20973902940750122,0.411552369594574
1186,0.20973902940750122,0.41999250650405884
1187,0.20973902940750122,0.41515523195266724
1188,0.20973902940750122,0.4175678789615631
1189,0.20973902940750122,0.42211076617240906
1190,0.20973902940750122,0.4226200580596924
1191,0.20973902940750122,0.41665923595428467
1192,0.20973902940750122,0.4425376057624817
1193,0.20973902940750122,0.41700732707977295
1194,0.20973902940750122,0.4056798219680786
1195,0.20973902940750122,0.43604370951652527
1196,0.20973902940750122,0.4178815484046936
1197,0.20973902940750122,0.41789311170578003
1198,0.20973902940750122,0.42260873317718506
1199,0.20973902940750122,0.44060254096984863
1200,0.20973902940750122,0.40903720259666443
1201,0.20973902940750122,0.43292880058288574
1202,0.20973902940750122,0.4319041669368744
1203,0.20973902940750122,0.4165409207344055
1204,0.20973902940750122,0.4129558801651001
1205,0.20973902940750122,0.4235345721244812
1206,0.20973902940750122,0.4097864031791687
1207,0.20973902940750122,0.4377138316631317
1208,0.20973902940750122,0.43135175108909607
1209,0.20973902940750122,0.41557255387306213
1210,0.20973902940750122,0.43611806631088257
1211,0.20973902940750122,0.41281217336654663
1212,0.20973902940750122,0.43899303674697876
1213,0.20973902940750122,0.41534411907196045
1214,0.20973902940750122,0.4308170676231384
1215,0.20973902940750122,0.40416133403778076
1216,0.20973902940750122,0.4324013888835907
1217,0.20973902940750122,0.421602725982666
1218,0.20973902940750122,0.4224196672439575
1219,0.20973902940750122,0.43330642580986023
1220,0.20973902940750122,0.4260314702987671
1221,0.20973902940750122,0.398726224899292
1222,0.20973902940750122,0.4229658246040344
1223,0.20973902940750122,0.4177820086479187
1224,0.20973902940750122,0.4041295647621155
1225,0.20973902940750122,0.4248412847518921
1226,0.20973902940750122,0.4259347915649414
1227,0.20973902940750122,0.42261987924575806
1228,0.20973902940750122,0.4065985679626465
1229,0.20973902940750122,0.43827924132347107
1230,0.20973902940750122,0.40445730090141296
1231,0.20973902940750122,0.4206361770629883
1232,0.20973902940750122,0.3960433602333069
1233,0.20973902940750122,0.4312773048877716
1234,0.20973902940750122,0.42649704217910767
1235,0.20973902940750122,0.4205223321914673
1236,0.20973902940750122,0.43696534633636475
1237,0.20973902940750122,0.418819397687912
1238,0.20973902940750122,0.41193270683288574
1239,0.20973902940750122,0.41999948024749756
1240,0.20973902940750122,0.41630804538726807
1241,0.20973902940750122,0.40348851680755615
1242,0.20973902940750122,0.4288228154182434
1243,0.20973902940750122,0.41944441199302673
1244,0.20973902940750122,0.4001424312591553
1245,0.20973902940750122,0.4318281412124634
1246,0.20973902940750122,0.4205794930458069
1247,0.20973902940750122,0.4236183166503906
1248,0.20973902940750122,0.40987199544906616
1249,0.20973902940750122,0.44509223103523254
1250,0.20973902940750122,0.4084019064903259
1251,0.20973902940750122,0.4164712429046631
1252,0.20973902940750122,0.4386540651321411
1253,0.20973902940750122,0.4272229075431824
1254,0.20973902940750122,0.4138050675392151
1255,0.20973902940750122,0.42776745557785034
1256,0.20973902940750122,0.4186316728591919
1257,0.20973902940750122,0.4199696183204651
1258,0.20973902940750122,0.4000864326953888
1259,0.20973902940750122,0.4201332926750183
1260,0.20973902940750122,0.41160744428634644
1261,0.20973902940750122,0.4005914628505707
1262,0.20973902940750122,0.43386128544807434
1263,0.20973902940750122,0.4239184260368347
1264,0.20973902940750122,0.40538910031318665
1265,0.20973902940750122,0.4372694492340088
1266,0.20973902940750122,0.40851399302482605
1267,0.20973902940750122,0.41516032814979553
1268,0.20973902940750122,0.42472246289253235
1269,0.20973902940750122,0.4153639078140259
1270,0.20973902940750122,0.43832293152809143
1271,0.20973902940750122,0.4325922727584839
1272,0.20973902940750122,0.40812966227531433
1273,0.20973902940750122,0.44096481800079346
1274,0.20973902940750122,0.4140568971633911
1275,0.20973902940750122,0.42693787813186646
1276,0.20973902940750122,0.4241536259651184
1277,0.20973902940750122,0.42115914821624756
1278,0.20973902940750122,0.42102423310279846
1279,0.20973902940750122,0.41944459080696106
1280,0.20973902940750122,0.4081612229347229
1281,0.20973902940750122,0.428800493478775
1282,0.20973902940750122,0.41926711797714233
1283,0.20973902940750122,0.3997994363307953
1284,0.20973902940750122,0.4344719648361206
1285,0.20973902940750122,0.4174100160598755
1286,0.20973902940750122,0.4147220849990845
1287,0.20973902940750122,0.44167360663414
1288,0.20973902940750122,0.4129674732685089
1289,0.20973902940750122,0.42269477248191833
1290,0.20973902940750122,0.414015531539917
1291,0.20973902940750122,0.43148142099380493
1292,0.20973902940750122,0.40421977639198303
1293,0.20973902940750122,0.44099539518356323
1294,0.20973902940750122,0.4174480736255646
1295,0.20973902940750122,0.42794400453567505
1296,0.20973902940750122,0.4230390191078186
1297,0.20973902940750122,0.42932817339897156
1298,0.20973902940750122,0.43110644817352295
1299,0.20973902940750122,0.43005630373954773
1300,0.20973902940750122,0.4316895604133606
1301,0.20973902940750122,0.4194466471672058
1302,0.20973902940750122,0.4157955050468445
1303,0.20973902940750122,0.42213302850723267
1304,0.20973902940750122,0.4185337424278259
1305,0.20973902940750122,0.4276754558086395
1306,0.20973902940750122,0.42340192198753357
1307,0.20973902940750122,0.42652881145477295
1308,0.20973902940750122,0.42088115215301514
1309,0.20973902940750122,0.43045133352279663
1310,0.20973902940750122,0.4282168447971344
1311,0.20973902940750122,0.43860554695129395
1312,0.20973902940750122,0.41708797216415405
1313,0.20973902940750122,0.4402088224887848
1314,0.20973902940750122,0.41562867164611816
1315,0.20973902940750122,0.4107089638710022
1316,0.20973902940750122,0.4275140166282654
1317,0.20973902940750122,0.4208078384399414
1318,0.20973902940750122,0.40706998109817505
1319,0.20973902940750122,0.42962485551834106
1320,0.20973902940750122,0.4223726987838745
1321,0.20973902940750122,0.4171346426010132
1322,0.20973902940750122,0.4282803237438202
1323,0.20973902940750122,0.42443105578422546
1324,0.20973902940750122,0.4067649245262146
1325,0.20973902940750122,0.4314700961112976
1326,0.20973902940750122,0.42775535583496094
1327,0.20973902940750122,0.41824695467948914
1328,0.20973902940750122,0.4150407314300537
1329,0.20973902940750122,0.4336891174316406
1330,0.20973902940750122,0.4185255765914917
1331,0.20973902940750122,0.41711723804473877
1332,0.20973902940750122,0.4363018870353699
1333,0.20973902940750122,0.42465925216674805
1334,0.20973902940750122,0.42302802205085754
1335,0.20973902940750122,0.41433805227279663
1336,0.20973902940750122,0.43263983726501465
1337,0.20973902940750122,0.4116241931915283
1338,0.20973902940750122,0.4133664071559906
1339,0.20973902940750122,0.42898744344711304
1340,0.20973902940750122,0.42193496227264404
1341,0.20973902940750122,0.40402472019195557
1342,0.20973902940750122,0.43608033657073975
1343,0.20973902940750122,0.41716909408569336
1344,0.20973902940750122,0.4212436378002167
1345,0.20973902940750122,0.42534101009368896
1346,0.20973902940750122,0.4134078919887543
1347,0.20973902940750122,0.43748748302459717
1348,0.20973902940750122,0.4094557762145996
1349,0.20973902940750122,0.43036365509033203
1350,0.20973902940750122,0.42496591806411743
1351,0.20973902940750122,0.4046773314476013
1352,0.20973902940750122,0.42755836248397827
1353,0.20973902940750122,0.4315011203289032
1354,0.20973902940750122,0.4139106273651123
1355,0.20973902940750122,0.4372926950454712
1356,0.20973902940750122,0.42762649059295654
1357,0.20973902940750122,0.41080188751220703
1358,0.20973902940750122,0.4161568880081177
1359,0.20973902940750122,0.40666669607162476
1360,0.20973902940750122,0.4190947413444519
1361,0.20973902940750122,0.4139268398284912
1362,0.20973902940750122,0.406668484210968
1363,0.20973902940750122,0.4066953957080841
1364,0.20973902940750122,0.4129030108451843
1365,0.20973902940750122,0.4046016037464142
1366,0.20973902940750122,0.4355730712413788
1367,0.20973902940750122,0.41455918550491333
1368,0.20973902940750122,0.41828563809394836
1369,0.20973902940750122,0.4175437092781067
1370,0.20973902940750122,0.4202335476875305
1371,0.20973902940750122,0.4171842336654663
1372,0.20973902940750122,0.4170176386833191
1373,0.20973902940750122,0.4166259169578552
1374,0.20973902940750122,0.4241539239883423
1375,0.20973902940750122,0.3938986659049988
1376,0.20973902940750122,0.4369046986103058
1377,0.20973902940750122,0.40430545806884766
1378,0.20973902940750122,0.4129999577999115
1379,0.20973902940750122,0.4221935272216797
1380,0.20973902940750122,0.4192606508731842
1381,0.20973902940750122,0.414636492729187
1382,0.20973902940750122,0.4148840010166168
1383,0.20973902940750122,0.43162041902542114
1384,0.20973902940750122,0.39841675758361816
1385,0.20973902940750122,0.42803293466567993
1386,0.20973902940750122,0.41008877754211426
1387,0.20973902940750122,0.4197395443916321
1388,0.20973902940750122,0.4254724979400635
1389,0.20973902940750122,0.4252778887748718
1390,0.20973902940750122,0.434955894947052
1391,0.20973902940750122,0.4155450463294983
1392,0.20973902940750122,0.43435677886009216
1393,0.20973902940750122,0.4146207571029663
1394,0.20973902940750122,0.41536903381347656
1395,0.20973902940750122,0.43059518933296204
1396,0.20973902940750122,0.41802337765693665
1397,0.20973902940750122,0.42211443185806274
1398,0.20973902940750122,0.42961323261260986
1399,0.20973902940750122,0.4305422306060791
1400,0.20973902940750122,0.41973432898521423
1401,0.20973902940750122,0.42553114891052246
1402,0.20973902940750122,0.4300880432128906
1403,0.20973902940750122,0.399408221244812
1404,0.20973902940750122,0.42296701669692993
1405,0.20973902940750122,0.3959167003631592
1406,0.20973902940750122,0.4221664071083069
1407,0.20973902940750122,0.4085598886013031
1408,0.20973902940750122,0.4175412356853485
1409,0.20973902940750122,0.4202485680580139
1410,0.20973902940750122,0.4239751696586609
1411,0.20973902940750122,0.4057770073413849
1412,0.20973902940750122,0.43780121207237244
1413,0.20973902940750122,0.4010404348373413
1414,0.20973902940750122,0.4297832250595093
1415,0.20973902940750122,0.4109882116317749
1416,0.20973902940750122,0.4236505627632141
1417,0.20973902940750122,0.40308481454849243
1418,0.20973902940750122,0.4191550016403198
1419,0.20973902940750122,0.41755884885787964
1420,0.20973902940750122,0.40254566073417664
1421,0.20973902940750122,0.4266241788864136
1422,0.20973902940750122,0.4113656282424927
1423,0.20973902940750122,0.42232227325439453
1424,0.20973902940750122,0.4251318573951721
1425,0.20973902940750122,0.41711097955703735
1426,0.20973902940750122,0.4208921194076538
1427,0.20973902940750122,0.4235638380050659
1428,0.20973902940750122,0.4136982262134552
1429,0.20973902940750122,0.42470669746398926
1430,0.20973902940750122,0.4254770874977112
1431,0.20973902940750122,0.4038039445877075
1432,0.20973902940750122,0.42459461092948914
1433,0.20973902940750122,0.4075373709201813
1434,0.20973902940750122,0.41822296380996704
1435,0.20973902940750122,0.4061809182167053
1436,0.20973902940750122,0.4293840229511261
1437,0.20973902940750122,0.4165528416633606
1438,0.20973902940750122,0.4290308654308319
1439,0.20973902940750122,0.42202872037887573
1440,0.20973902940750122,0.4229382574558258
1441,0.20973902940750122,0.4135490655899048
1442,0.20973902940750122,0.4216431975364685
1443,0.20973902940750122,0.4157950282096863
1444,0.20973902940750122,0.41145509481430054
1445,0.20973902940750122,0.43875354528427124
1446,0.20973902940750122,0.4160073399543762
1447,0.20973902940750122,0.4193927049636841
1448,0.20973902940750122,0.44253021478652954
1449,0.20973902940750122,0.41121888160705566
1450,0.20973902940750122,0.42577558755874634
1451,0.20973902940750122,0.4239553213119507
1452,0.20973902940750122,0.4254224896430969
1453,0.20973902940750122,0.4283009171485901
1454,0.20973902940750122,0.43288543820381165
1455,0.20973902940750122,0.43135929107666016
1456,0.20973902940750122,0.4062202572822571
1457,0.20973902940750122,0.42303362488746643
1458,0.20973902940750122,0.4098934233188629
1459,0.20973902940750122,0.41292813420295715
1460,0.20973902940750122,0.40395596623420715
1461,0.20973902940750122,0.4301924705505371
1462,0.20973902940750122,0.39778172969818115
1463,0.20973902940750122,0.4277854561805725
1464,0.20973902940750122,0.4175871014595032
1465,0.20973902940750122,0.42397862672805786
1466,0.20973902940750122,0.43490755558013916
1467,0.20973902940750122,0.4187786281108856
1468,0.20973902940750122,0.4312272071838379
1469,0.20973902940750122,0.41214966773986816
1470,0.20973902940750122,0.4080316722393036
1471,0.20973902940750122,0.4122532606124878
1472,0.20973902940750122,0.42083609104156494
1473,0.20973902940750122,0.4085996747016907
1474,0.20973902940750122,0.41457727551460266
1475,0.20973902940750122,0.4211723804473877
1476,0.20973902940750122,0.4242985248565674
1477,0.20973902940750122,0.42691516876220703
1478,0.20973902940750122,0.4297722578048706
1479,0.20973902940750122,0.436137855052948
1480,0.20973902940750122,0.4043737053871155
1481,0.20973902940750122,0.4263424277305603
1482,0.20973902940750122,0.4302663207054138
1483,0.20973902940750122,0.41448184847831726
1484,0.20973902940750122,0.43137285113334656
1485,0.20973902940750122,0.4275132417678833
1486,0.20973902940750122,0.41348493099212646
1487,0.20973902940750122,0.42621004581451416
1488,0.20973902940750122,0.40898001194000244
1489,0.20973902940750122,0.43503451347351074
1490,0.20973902940750122,0.42238157987594604
1491,0.20973902940750122,0.4142480492591858
1492,0.20973902940750122,0.4099784195423126
1493,0.20973902940750122,0.42081671953201294
1494,0.20973902940750122,0.40545082092285156
1495,0.20973902940750122,0.41901981830596924
1496,0.20973902940750122,0.42650163173675537
1497,0.20973902940750122,0.40386396646499634
1498,0.20973902940750122,0.4229902923107147
1499,0.20973902940750122,0.4136330485343933
1500,0.20973902940750122,0.4163471758365631
1501,0.20973902940750122,0.43313169479370117
1502,0.20973902940750122,0.4038001298904419
1503,0.20973902940750122,0.42546728253364563
1504,0.20973902940750122,0.43047893047332764
1505,0.20973902940750122,0.4167134761810303
1506,0.20973902940750122,0.4350793659687042
1507,0.20973902940750122,0.4191548228263855
1508,0.20973902940750122,0.427020788192749
1509,0.20973902940750122,0.4191109538078308
1510,0.20973902940750122,0.43554767966270447
1511,0.20973902940750122,0.4180251955986023
1512,0.20973902940750122,0.43589669466018677
1513,0.20973902940750122,0.4252455532550812
1514,0.20973902940750122,0.4215133786201477
1515,0.20973902940750122,0.4271854758262634
1516,0.20973902940750122,0.4189337193965912
1517,0.20973902940750122,0.43075016140937805
1518,0.20973902940750122,0.4125187397003174
1519,0.20973902940750122,0.403805136680603
1520,0.20973902940750122,0.4162270128726959
1521,0.20973902940750122,0.41889065504074097
1522,0.20973902940750122,0.41595959663391113
1523,0.20973902940750122,0.4262046217918396
1524,0.20973902940750122,0.4237554371356964
1525,0.20973902940750122,0.4164705276489258
1526,0.20973902940750122,0.41113725304603577
1527,0.20973902940750122,0.42565256357192993
1528,0.20973902940750122,0.40716445446014404
1529,0.20973902940750122,0.41225889325141907
1530,0.20973902940750122,0.4143661856651306
1531,0.20973902940750122,0.41425448656082153
1532,0.20973902940750122,0.4086085557937622
1533,0.20973902940750122,0.42276930809020996
1534,0.20973902940750122,0.3949767053127289
1535,0.20973902940750122,0.440062940120697
1536,0.20973902940750122,0.40774720907211304
1537,0.20973902940750122,0.4172466993331909
1538,0.20973902940750122,0.4219716787338257
