name,label,triggers,current,current_maxvote,proposal_A,proposal_A_maxvote,proposal_B,proposal_B_maxvote,strict4,strict4_maxvote
0-12.42-1849.csv,0.0,918,1.000000,4,1.000000,4,1.000000,4,1.000000,4
0.000-14.759-022.csv,0.0,1163,0.993121,3,1.000000,4,1.000000,4,1.000000,4
0.000-14.82-023.csv,0.0,959,0.995829,3,1.000000,4,1.000000,4,1.000000,4
0.029-17-001.csv,0.029,926,0.000000,0,0.000000,0,0.000000,0,0.000000,0
0.058-23.29-0052.csv,0.058,881,0.000000,0,0.000000,0,0.000000,0,0.000000,0
0.083-23.46-0036.csv,0.083,960,0.000000,0,0.000000,0,0.000000,0,0.000000,0
0.088-19.48-024.csv,0.088,748,0.000000,0,0.000000,0,0.000000,0,0.000000,0
0.095-23.77-0024.csv,0.095,941,0.000000,0,0.000000,0,0.000000,0,0.000000,0
0.096-20-025.csv,0.096,920,0.000000,0,0.000000,0,0.000000,0,0.000000,0
0.108-22.85-1905.csv,0.108,846,0.000000,0,0.000000,0,0.000000,0,0.000000,0
0.118-23.96-0007.csv,0.118,874,0.000000,0,0.000000,0,0.000000,0,0.000000,0
0.123-19.73-026.csv,0.123,940,0.000000,0,0.000000,0,0.000000,0,0.000000,0
0.134-24.69-2355.csv,0.134,890,0.000000,0,0.000000,0,0.000000,0,0.000000,0
0.138-20.03-027.csv,0.138,915,0.000000,0,0.000000,0,0.000000,0,0.000000,0
0.150-23.75-0046.csv,0.15,1003,0.000000,0,0.000000,0,0.000000,0,0.000000,0
0.151-25.47-2333.csv,0.151,909,0.000000,0,0.000000,0,0.000000,0,0.000000,0
0.157-23.79-1944.csv,0.157,926,0.000000,0,0.000000,0,0.000000,0,0.000000,0
0.167-24.16-0018.csv,0.167,945,0.000000,0,0.000000,0,0.000000,0,0.000000,0
0.171-19.75-028.csv,0.171,876,0.000000,0,0.000000,0,0.000000,0,0.000000,0
0.173-19.54-029.csv,0.173,840,0.000000,0,0.000000,0,0.000000,0,0.000000,0
0.175-24.03-2011.csv,0.175,886,0.000000,0,0.000000,0,0.000000,0,0.000000,0
0.177-24.20-0030.csv,0.177,885,0.000000,0,0.000000,0,0.000000,0,0.000000,0
0.179-23.59-1927.csv,0.179,893,0.000000,0,0.000000,0,0.000000,0,0.000000,0
0.189-19.92-030.csv,0.189,1026,0.000000,0,0.000000,0,0.000000,0,0.000000,0
0.193-19.93-031.csv,0.193,2454,0.000000,0,0.000000,0,0.000000,0,0.000000,0
0.200-24.06-2001.csv,0.2,883,0.000000,0,0.000000,0,0.000000,0,0.000000,0
0.201-19.05-002.csv,0.201,858,0.000000,0,0.000000,0,0.000000,0,0.000000,0
0.206-23.15-1912.csv,0.206,990,0.000000,0,0.000000,0,0.000000,0,0.000000,0
0.217-24.37-1955.csv,0.217,970,0.000000,0,0.000000,0,0.000000,0,0.000000,0
0.219-19.03-003.csv,0.219,898,0.000000,0,0.000000,0,0.000000,0,0.000000,0
0.219-20.49-032.csv,0.219,651,0.000000,0,0.000000,0,0.000000,0,0.000000,0
0.219-24.74-2347.csv,0.219,916,0.000000,0,0.000000,0,0.000000,0,0.000000,0
0.220-20.32-033.csv,0.22,900,0.000000,0,0.000000,0,0.000000,0,0.000000,0
0.222-24.46-0001.csv,0.222,867,0.000000,0,0.000000,0,0.000000,0,0.000000,0
0.235-20.24-034.csv,0.235,840,0.000000,0,0.000000,0,0.000000,0,0.000000,0
0.237-36.90-0123.csv,0.237,1001,0.000000,0,0.000000,0,0.000000,0,0.000000,0
0.245-25.20-2327.csv,0.245,921,0.000000,0,0.000000,0,0.000000,0,0.000000,0
0.246-24.89-2340.csv,0.246,938,0.000000,0,0.000000,0,0.000000,0,0.000000,0
0.247-20.45-035.csv,0.247,880,0.000000,0,0.000000,0,0.000000,0,0.000000,0
0.247-24.61-2027.csv,0.247,926,0.000000,0,0.000000,0,0.000000,0,0.000000,0
0.253-21.84-036.csv,0.253,869,0.000000,0,0.000000,0,0.000000,0,0.000000,0
0.253-24.30-2016.csv,0.253,1062,0.000000,0,0.000000,0,0.000000,0,0.000000,0
0.255-20.67-037.csv,0.255,1356,0.000000,0,0.000000,0,0.000000,0,0.000000,0
0.266-20.75-038.csv,0.266,843,0.000000,0,0.000000,0,0.000000,0,0.000000,0
0.279-19.42-004.csv,0.279,1008,0.000000,0,0.000000,0,0.000000,0,0.000000,0
0.286-21-039.csv,0.286,854,0.000000,0,0.000000,0,0.000000,0,0.000000,0
0.302-25.92-2320.csv,0.302,856,0.000000,0,0.000000,0,0.000000,0,0.000000,0
0.310-24.92-2035.csv,0.31,877,0.000000,0,0.000000,0,0.000000,0,0.000000,0
0.317-19.56-005.csv,0.317,892,0.000000,0,0.000000,0,0.000000,0,0.000000,0
0.318-25.12-2053.csv,0.318,1097,0.000000,0,0.000000,0,0.000000,0,0.000000,0
0.319-21.13-040.csv,0.319,900,0.000000,0,0.000000,0,0.000000,0,0.000000,0
0.326-19.47-006.csv,0.326,861,0.000000,0,0.000000,0,0.000000,0,0.000000,0
0.338-22.77-041.csv,0.338,923,0.000000,0,0.000000,0,0.000000,0,0.000000,0
0.352-19.72-007.csv,0.352,892,0.000000,0,0.000000,0,0.000000,0,0.000000,0
0.352-26.86-2309.csv,0.352,1258,0.000000,0,0.000000,0,0.000000,0,0.000000,0
0.371-19.77-008.csv,0.371,1160,0.000000,0,0.000000,0,0.000000,0,0.000000,0
0.378-30.67-0106.csv,0.378,840,0.000000,0,0.000000,0,0.000000,0,0.000000,0
0.388-25.78-2109.csv,0.388,877,0.000000,0,0.000000,0,0.000000,0,0.000000,0
0.397-27.58-2301.csv,0.397,912,0.000000,0,0.000000,0,0.000000,0,0.000000,0
0.414-23.81-042.csv,0.414,1492,0.000000,0,0.000000,0,0.000000,0,0.000000,0
0.428-24.86-043.csv,0.428,876,0.000000,0,0.000000,0,0.000000,0,0.000000,0
0.430-20.07-009.csv,0.43,1373,0.000000,0,0.000000,0,0.000000,0,0.000000,0
0.435-20.07-010.csv,0.435,885,0.000000,0,0.000000,0,0.000000,0,0.000000,0
0.435-28.13-2253.csv,0.435,925,0.000000,0,0.000000,0,0.000000,0,0.000000,0
0.453-20.45-011.csv,0.453,2055,0.000000,0,0.000000,0,0.000000,0,0.000000,0
0.464-20.3-012.csv,0.464,956,0.000000,0,0.000000,0,0.000000,0,0.000000,0
0.481-29.74-2230.csv,0.481,586,0.000000,0,0.000000,0,0.000000,0,0.000000,0
0.483-28.84-2246.csv,0.483,905,0.000000,0,0.000000,0,0.000000,0,0.000000,0
0.497-20.93-013.csv,0.497,1022,0.000000,0,0.000000,0,0.000000,0,0.000000,0
0.508-20.66-014.csv,0.508,852,0.000000,0,0.000000,0,0.000000,0,0.000000,0
0.526-26.42-2117.csv,0.526,903,0.000000,0,0.000000,0,0.000000,0,0.000000,0
0.548-21.4-015.csv,0.548,1202,0.000000,0,0.000000,0,0.000000,0,0.000000,0
0.580-30.14-2223.csv,0.58,874,0.000000,0,0.000000,0,0.000000,0,0.000000,0
0.586-26.2-044.csv,0.586,1497,0.000000,0,0.000000,0,0.000000,0,0.000000,0
0.631-26.88-2123.csv,0.631,926,0.000000,0,0.000000,0,0.000000,0,0.000000,0
0.633-21.99-016.csv,0.633,1122,0.000000,0,0.000000,0,0.000000,0,0.000000,0
0.634-29.49-2235.csv,0.634,945,0.000000,0,0.000000,0,0.000000,0,0.000000,0
0.648-27.71-2133.csv,0.648,990,0.000000,0,0.000000,0,0.000000,0,0.000000,0
0.684-22.71-017.csv,0.684,965,0.000000,1,0.000000,1,0.000000,1,0.000000,1
0.782-28.17-2139.csv,0.782,966,0.000000,0,0.000000,0,0.000000,0,0.000000,0
